gene_seq,measure1,measure2
UUAGCAAUGG,0.32438602740876377,1.560887253843248
CCAGACAUGG,0.4813749485183507,1.1161357744131237
GUAAAAAUGG,0.3569870775099844,1.303021797677502
CAAAUUAUGG,0.627477684058249,1.4788026858586818
CUUACCAUGG,0.7416001905221492,1.3448305467609316
GACACCAUGG,0.5659668173175305,1.6007141401059926
CGAGCAAAUG,0.9807865065522492,1.076083323219791
CCAGACAAUG,0.5768127355258912,1.9559926111251116
CUCGAAAAUG,0.4390420517884195,1.0222068231087178
UCUCAUUAUG,0.22859969502314925,1.8417106324341148
UUAUACCAUG,0.08215806563384831,1.6324424487538636
UGACACCAUG,0.8502649217844009,1.3100941651500762
UGGACAAUGG,0.23466126155108213,1.7425693662371486
GGGCAAAUGG,0.9881674468051642,1.6389113136101514
CACAAAAUGG,0.601897545857355,1.992515987250954
GUGCUUAUGG,0.9987408081069589,1.1282697883434594
GUUUCCAUGG,0.3755993766244501,1.8832395777571946
GACACCAUGG,0.5551266309339553,1.8100833878852427
AGACAAUGGU,0.42944396287202835,1.8218511783052236
AGCAAAUGGU,0.5758777807932347,1.8347026624251157
GAAAAAUGGU,0.43250739737413824,1.7327322205528617
UCAUUAUGGU,0.22484576399438083,1.9830440243240446
UUACCAUGGU,0.08498473768122494,1.6392045826651156
ACACCAUGGU,0.6372982596512884,1.6607546343002468
CGCAAAAUGA,0.4310163704212755,1.5283593779895455
CGAAAAAUGC,0.07271609362214804,1.3174938214942813
UCAAAAAUGU,0.8024020192679018,1.7678554691374302
ACUAAUAACG,0.3252783033531159,1.5263084925245494
UAGCGUCUGG,0.7572890350129455,1.7323018843308091
GAAUCGCACG,0.5842715173494071,1.3076657406054437
AUUCGCUACG,0.7088394067250192,1.4041732512414455
UGAGCGUAGG,0.4269757664296776,1.2044024453498423
CAGUGUAUUU,0.34357270202599466,1.9856330882757902
AACCCCAUGC,0.7591199851594865,1.5663107570726424
UACCCCCAAU,0.42403020802885294,1.280375145142898
