id,weight,group
1,0.11370341130532324,a
2,0.6222994048148394,b
3,0.6092747328802943,a
4,NA,b
5,0.8609153835568577,NA
6,0.6403106052894145,b
7,NA,a
8,0.23255050601437688,b
9,0.6660837582312524,a
10,0.5142511413432658,b
